音樂人 ID,音樂數,粉絲人數,追蹤中人數,身分(音樂人/認證音樂人),居住地,type
Lusanic,9,19,1,音樂人,美國,1
HsuD_official,9,236,19,認證音樂人,臺北市,1
steve86111027,4,52,1,音樂人,臺南市,1
itsyourfault,17,7131,1,認證音樂人,臺北市,1
liangfu2017,33,915,72,音樂人,新北市,1
wohkooler,1,167,48,認證音樂人,臺北市,1
primary,7,166,0,音樂人,新北市,1
keynocee,5,553,0,認證音樂人,臺北市,1
aquariusboys,3,183,4,音樂人,新北市,1
h2o1996,1,1352,48,認證音樂人,臺南市,1
wenti311,29,23,2,音樂人,北京,1
kireyung,25,1530,0,認證音樂人,新北市,1
eric198853,54,3606,12,認證音樂人,臺北市,1
hlctim901107,5,184,1,認證音樂人,花蓮縣,1
david07chiu,4,40,6,音樂人,新北市,1
gabuiui,15,267,25,認證音樂人,臺北市,1
birstyle236016,5,257,10,認證音樂人,宜蘭縣,1
errorfrequency,37,840,42,認證音樂人,臺北市,1
dropp,39,238,15,認證音樂人,美國,1
OFF_THE_RECORD_official,35,107,0,音樂人,臺北市,1
HandyLee,8,166,36,認證音樂人,桃園市,1
noisy_haze_dd,1,109,0,音樂人,貴州,1
NICETIM,7,110,4,認證音樂人,臺北市,1
Hungyulin,23,2863,11,認證音樂人,新北市,1
stone1024,5,45,0,音樂人,臺東縣,1
patrickjohnlu,8,82,2,音樂人,臺北市,1
Fourmula_band,6,347,0,認證音樂人,臺北市,1
R4ly,1,55,4,音樂人,新北市,1
wayneband2019,5,963,0,音樂人,臺北市,1
ProgressiveGuava,1,36,6,音樂人,臺北市,1
oddiiiiiwu,2,78,3,音樂人,桃園市,1
Mac_Ju,2,14,4,音樂人,臺北市,1
ill_mo,8,2753,3,認證音樂人,臺北市,1
xzherman2227,6,254,5,音樂人,新北市,1
wesley753951,5,88,3,音樂人,臺北市,1
lonelygame,9,159,3,音樂人,高雄市,1
Acedalan,3,85,12,音樂人,新竹縣,1
DUF,25,2404,16,認證音樂人,新北市,1
fushoustreet,5,72,8,音樂人,新北市,1
rennnnnn_____,4,387,11,認證音樂人,彰化縣,1
Jabbertu,6,6533,58,音樂人,臺中市,1
solomomliu,17,598,1,音樂人,桃園市,1
luhongzhi,11,23,9,音樂人,桃園市,1
thaeiht1,9,683,4,音樂人,臺北市,1
minsta,33,127,0,音樂人,福建,1
chord76415,3,6903,60,音樂人,南投縣,1
lil_happy_lif3,10,683,71,音樂人,新北市,1
Chen_ni,1,39,4,音樂人,臺北市,1
everfor,15,2355,12,音樂人,臺北市,1
hazenk1ng,9,388,5,認證音樂人,屏東縣,1
dennischang,14,2560,14,認證音樂人,臺北市,1
wayu_woys,1,253,23,認證音樂人,臺南市,1
zz045849,1,30,9,音樂人,桃園市,1
BoogieTim,3,222,11,認證音樂人,屏東縣,1
tyntseng,7,97,44,音樂人,臺北市,1
KaoLin,11,500,13,音樂人,彰化縣,1
jien00008,26,2457,25,音樂人,新北市,1
85youngdope,19,124,85,認證音樂人,雲林縣,1
ShikinRollin,5,730,4,音樂人,臺北市,1
wc109101065,1,3028,50,認證音樂人,臺北市,1
s880606,20,11204,43,音樂人,臺北市,1
Johnchen4real,5,165,9,音樂人,苗栗縣,1
ENWHY,5,76,78,音樂人,臺北市,1
FRENZY_OMEGA,1,238,19,音樂人,新北市,1
m870925,11,102,29,音樂人,臺中市,1
flexkidz,19,124,3,音樂人,臺北市,1
cemelesaistudio,3,376,0,音樂人,臺東縣,1
liulewie,13,2197,52,音樂人,北京,1
kaorecords,21,3315,16,音樂人,None,1
cityronin,10,8183,18,認證音樂人,其他,1
benxdevil,3,758,0,音樂人,新北市,1
multiversefam,10,2891,2,音樂人,臺中市,1
Rapguy,11,5207,0,認證音樂人,臺北市,1
rapid_dew_2mf,11,1771,0,音樂人,臺中市,1
Lowkingofficial,29,196,97,認證音樂人,花蓮縣,1
Chancharlie_,5,62,24,音樂人,香港,1
hiphoppuffs,1,43,4,音樂人,臺北市,1
8lak,1,967,0,音樂人,臺北市,1
teresa1010159,3,837,123,認證音樂人,臺南市,1
TysonYoshi,2,1317,0,音樂人,香港,1
Hard,14,1410,33,認證音樂人,高雄市,1
chang_wu,15,613,0,認證音樂人,臺中市,1
kailun0409,2,12,0,音樂人,臺中市,1
Andy970029,1,188,27,認證音樂人,臺北市,1
k4990878,2,203,12,音樂人,新北市,1
tsengsean,7,40,5,音樂人,新北市,1
BaconSlap,5,158,2,音樂人,臺北市,1
Dean829,8,912,15,認證音樂人,花蓮縣,1
88risingRecordsLLC,28,8490,0,音樂人,美國,1
thecrane,7,3603,9,認證音樂人,臺北市,1
csimusic,2,37,3,音樂人,基隆市,1
redleey_3,5,1260,6,音樂人,臺北市,1
13lefty,2,236,19,認證音樂人,臺中市,1
Rommyrollin,4,227,2,認證音樂人,屏東縣,1
Karz99,4,169,41,認證音樂人,新竹市,1
Hao526,3,650,1,音樂人,新北市,1
dsa265302,2,44,6,音樂人,苗栗縣,1
Piper_peng,9,151,0,音樂人,嘉義市,1
brucexingyuliu,8,81,5,音樂人,美國,1
ComradeXiangyu,15,293,7,音樂人,新北市,1
doojay98,10,1453,30,音樂人,馬來西亞,1
Tsuei_Man_Show,2,86,0,音樂人,臺北市,1
yiting_chang_,2,2470,4,認證音樂人,臺北市,1
shawn_39,6,231,5,音樂人,苗栗縣,1
LexieLiu,14,8770,0,音樂人,北京,1
whynot2020,17,102,2,音樂人,臺中市,1
AgustinShen,1,72,33,音樂人,桃園市,1
doublejam,2,212,3,認證音樂人,新北市,1
TaiwanSouthsidePintung,9,70,3,音樂人,屏東縣,1
zealots_45,1,300,0,音樂人,臺北市,1
voxplay,26,687,6,音樂人,臺北市,1
chenz,28,122,73,認證音樂人,高雄市,1
chinggsquadofficial,4,1874,0,音樂人,臺北市,1
nooovaaa,4,37,0,音樂人,臺北市,1
Wei_2theSheng,8,24,4,音樂人,臺南市,1
jamesjohanneschan,49,790,15,音樂人,臺南市,1
wring_out_laura,40,182,28,認證音樂人,臺北市,1
jinjin823,3,345,55,音樂人,宜蘭縣,1
Jinboismyname,24,1048,4,認證音樂人,臺北市,1
proaknpunnz,4,43,3,音樂人,臺中市,1
see_u_hong,9,2973,0,認證音樂人,臺北市,1
dachen223,23,5436,17,認證音樂人,屏東縣,1
catsonslide2019,15,395,8,音樂人,新北市,1
rhyan6_from_daan,1,34,3,音樂人,臺北市,1
rebecca1015,2,155,7,音樂人,臺北市,1
tang0316,2,678,1,認證音樂人,新北市,1
ourshame92,13,7656,38,認證音樂人,臺北市,1
3r2music,9,357,4,音樂人,臺北市,1
dinlow,28,407,135,認證音樂人,臺北市,1
caotunboy,16,719,0,音樂人,南投縣,1
enzokilla,3,64,8,音樂人,桃園市,1
Red_pimp,11,162,3,音樂人,臺東縣,1
KEEEEEEXI,3,62,0,音樂人,廣東,1
damp_meadow_qhn,4,308,12,音樂人,臺北市,1
Vout,1,84,3,音樂人,新竹市,1
soundof2percent,5,181,25,音樂人,臺北市,1
Zoethechef,1,120,1,音樂人,臺中市,1
shu05229970,21,10695,35,認證音樂人,臺北市,1
ann98615189,2,41,5,音樂人,臺北市,1
joeyhuang,12,1671,37,認證音樂人,臺北市,1
idan1111,3,26,3,音樂人,高雄市,1
ZEO_WATER,23,4275,7,音樂人,高雄市,1
analogbiiitch,1,168,4,音樂人,臺北市,1
AA320,1,598,0,認證音樂人,臺北市,1
howeazy242,16,8967,16,音樂人,新北市,1
leowangmorrison,31,14263,0,音樂人,臺北市,1
warconvict,25,1710,0,音樂人,臺北市,1
The_Time,11,104,4,認證音樂人,台灣,1
QueenQuinn,34,574,0,音樂人,臺北市,1
faibaofibo,11,451,22,音樂人,新北市,1
Coleskuanyu,4,76,18,音樂人,新竹市,1
linyuchang,17,904,13,認證音樂人,臺北市,1
Lipzeo,63,33,1,音樂人,高雄市,1
Sophiehu,4,429,17,音樂人,臺北市,1
rapsberry,3,148,0,音樂人,臺中市,1
Yocho_Official,24,39,5,音樂人,上海,1
Chill_Bros,9,519,3,音樂人,臺北市,1
BackMountKrew,20,15467,2,音樂人,花蓮縣,1
gordon4x,15,3714,44,認證音樂人,香港,1
yu0965160616,1,62,0,音樂人,新北市,1
jk911022,16,167,33,音樂人,高雄市,1
kkee12345,5,37,28,音樂人,新北市,1
obscureorchestra,3,33,2,音樂人,澳大利亞,1
shoumethemoneyxx,7,5540,0,認證音樂人,花蓮縣,1
s4203871017,9,669,12,認證音樂人,臺北市,1
vbnm1231,4,461,1,音樂人,新竹市,1
ByronHsu,2,15,10,音樂人,臺北市,1
huangdachien,5,8515,0,音樂人,新北市,1
nauhuang,6,1109,8,認證音樂人,臺北市,1
johnnnnnn,22,1782,49,認證音樂人,新北市,1
GIGO_psycho,1,772,1,音樂人,臺中市,1
wavegoat98,10,108,0,音樂人,臺北市,1
smy714,11,1759,2,認證音樂人,新北市,1
yen1982,175,1283,69,認證音樂人,新北市,1
peach_jaye_23,26,8789,15,認證音樂人,臺北市,1
yellowhippy420,51,1715,10,認證音樂人,臺中市,1
Marz23,12,12904,1,認證音樂人,臺北市,1
ryota_katayama,13,304,12,音樂人,馬來西亞,1
zenbothasizip,13,1142,33,認證音樂人,臺北市,1
NightZ,3,8,7,音樂人,新北市,1
tripoets,34,2245,323,認證音樂人,臺北市,1
itisIsey,22,746,14,認證音樂人,臺北市,1
ShadowProject,23,5375,0,認證音樂人,高雄市,1
hitdondon,16,2044,0,認證音樂人,高雄市,1
falavanapperxxx,1,18,0,音樂人,臺中市,1
Charleschang,1,11,11,音樂人,新北市,1
jnco,17,1755,30,音樂人,美國,1
mssdrbeauty,2,1223,0,認證音樂人,臺北市,1
depositionclub,10,119,3,音樂人,臺北市,1
ntuthiphop,1,43,0,音樂人,臺北市,1
fancy_sun_jo,3,487,4,音樂人,臺中市,1
anti_talent,7,6324,20,認證音樂人,花蓮縣,1
wayofpuzzle,11,5562,21,音樂人,高雄市,1
vincent_hsu,7,252,5,認證音樂人,新北市,1
pennywhy,5,146,14,音樂人,新竹市,1
outlander,1,1069,3,認證音樂人,臺北市,1
homerich_918,15,53,1,音樂人,臺中市,1
FormoSir,3,82,2,音樂人,臺北市,1
_xxslowly34,11,1958,56,認證音樂人,新竹縣,1
catwei,9,189,1,音樂人,臺南市,1
Shouttttttt,1,89,11,音樂人,臺中市,1
softlipa,34,37870,143,音樂人,臺北市,1
Pony5ibe,13,3340,1,音樂人,桃園市,1
GummyBBB,12,3843,37,認證音樂人,臺北市,1
StevenYW,27,727,12,認證音樂人,高雄市,1
GavinOTK4L,2,47,6,音樂人,苗栗縣,1
xddd0524,6,205,6,音樂人,花蓮縣,1
depbread,2,151,2,音樂人,臺北市,1
TheAndyShow,6,83,9,音樂人,臺北市,1
placebo_ct,12,855,11,認證音樂人,新北市,1
51weeeeeeeeee,44,376,98,認證音樂人,新北市,1
Leewei69,7,2108,5,認證音樂人,臺中市,1
DizzyDizzo,2,123,0,音樂人,台灣,1
murkyghost,8,1021,44,認證音樂人,臺北市,1
Onstudio,41,9336,30,音樂人,臺北市,1
William_ROLLyal,11,614,0,音樂人,臺中市,1
sandwichfail,16,6327,0,認證音樂人,臺南市,1
Leepa,4,97,18,音樂人,臺中市,1
eijitao1110,15,659,10,音樂人,基隆市,1
happy2031451,25,763,29,認證音樂人,臺北市,1
jyinthahouse,30,409,1,音樂人,南投縣,1
coujfever,1,212,0,音樂人,北京,1
left7792,38,37634,12,認證音樂人,新北市,1
ntu_hiphop,19,873,0,音樂人,臺北市,1
mond121207,5,1952,3,音樂人,基隆市,1
1pfani,11,310,42,認證音樂人,新北市,1
Hupesoftman,39,807,60,認證音樂人,臺北市,1
tigtheirongiant,9,2387,15,音樂人,臺北市,1
PoC,13,122,5,認證音樂人,新北市,1
_pe630arl,2,4975,22,音樂人,臺北市,1
kuanurboi,24,722,69,認證音樂人,新北市,1
Y_c,4,389,0,認證音樂人,高雄市,1
sync_with_me,4,15,17,音樂人,臺北市,1
Leshia0428,18,433,13,認證音樂人,臺北市,1
sweetjohnband,20,33840,12,認證音樂人,臺北市,1
AXin_80hz,1,35,1,音樂人,屏東縣,1
bboygemini,17,216,34,音樂人,新北市,1
pihairyan,18,1136,2,音樂人,臺北市,1
lanting,18,1916,0,認證音樂人,臺北市,1
whytetete,7,19651,5,認證音樂人,臺北市,1
dudedonteventry,1,48,12,音樂人,桃園市,1
combobulators,3,30,0,音樂人,臺南市,1
zsghs120th_320,1,27,0,音樂人,臺北市,1
asd8983530,3,330,13,音樂人,新北市,1
im402lol,15,84,27,音樂人,臺中市,1
khuannjittsaam,3,295,0,音樂人,臺北市,1
mcdouble8,2,332,0,音樂人,臺北市,1
Chih1012,6,356,20,音樂人,臺北市,1
henry_bii1999,4,60,4,音樂人,新竹市,1
itsTNL,2,106,0,音樂人,臺北市,1
Thehopend,37,7488,2,認證音樂人,屏東縣,1
hsichy,2,282,0,音樂人,臺北市,1
Hobrewblu,15,100,2,音樂人,桃園市,1
Skaraoke,6,276,81,音樂人,臺北市,1
HighBoy,4,27,0,音樂人,臺北市,1
kingkongkuan,4,121,19,音樂人,臺北市,1
popoj820927,20,6666,13,認證音樂人,臺北市,1
CuifengWizard54,6,221,28,認證音樂人,基隆市,1
Noodles20170423,18,493,3,認證音樂人,臺中市,1
Balious,55,634,41,認證音樂人,屏東縣,1
map000,3,183,4,認證音樂人,高雄市,1
crybabymush,3,4,1,音樂人,高雄市,1
hsienchinnng,5,27433,10,認證音樂人,新北市,1
fourpens,28,4247,63,認證音樂人,臺北市,1
cozmozsquad220,22,179,2,認證音樂人,新北市,1
Wadepunk,3,88,45,音樂人,新北市,1
peterfish,29,148,11,音樂人,臺北市,1
dusanaga,35,563,0,音樂人,新北市,1
look850802,5,1606,5,音樂人,臺北市,1
suckmc,4,3341,1,音樂人,台灣,1
BeatmakersTaipei,59,1784,0,認證音樂人,臺北市,1
24hoshi_,1,23,9,音樂人,桃園市,1
Fat458213,1,9,3,音樂人,桃園市,1
Conehead,51,734,157,音樂人,基隆市,1
handkdope,6,69,8,音樂人,臺中市,1
510864772,14,88,5,音樂人,北京,1
c8heihei,2,35,10,音樂人,臺南市,1
cozzzy830818,1,76,0,音樂人,臺北市,1
somemusic,4,78,0,音樂人,None,1
LC_caje,1,70,20,音樂人,臺北市,1
aka_lulu,1,43,62,音樂人,高雄市,1
goldink0515,6,373,6,認證音樂人,臺北市,1
tristanw711kb,1,16,4,音樂人,基隆市,1
hustlecrew330,28,155,5,音樂人,桃園市,1
SOURENHH,1,44,1,音樂人,臺北市,1
ozioffcl,11,17844,2,音樂人,臺北市,1
seaking02030203,23,1090,24,認證音樂人,嘉義市,1
datsdashit,44,1474,33,認證音樂人,臺北市,1
HigherBrothers,16,4007,0,音樂人,北京,1
Kevinchen408,11,117,21,認證音樂人,臺北市,1
obiwan1103,32,4360,0,認證音樂人,桃園市,1
icy_fire_z1,6,164,47,認證音樂人,屏東縣,1
wecynicalboyz,29,1291,0,音樂人,臺中市,1
Vilen1222,2,290,7,音樂人,屏東縣,1
aagoodday,215,5030,1,音樂人,臺北市,1
ape101129,14,199,55,認證音樂人,苗栗縣,1
simonfromlantown,26,321,11,音樂人,宜蘭縣,1
PhilipYoung,18,1492,1,音樂人,北京,1
banyangang,59,3918,16,音樂人,臺南市,1
yxl0730nobody,5,2816,91,音樂人,桃園市,1
goldfishbrain,5,222,1,音樂人,臺北市,1
Not_Yet_1,2,232,2,音樂人,桃園市,1
rosehuang1127,4,143,17,認證音樂人,臺北市,1
Chenmax0,6,362,12,認證音樂人,臺北市,1
REX_bbk,6,291,16,音樂人,花蓮縣,1
elimlee,3,31,41,音樂人,臺北市,1
970zhaozhao,3,161,13,認證音樂人,臺北市,1
AOIMUSHIBAND,39,4999,45,認證音樂人,臺北市,1
MrCotton,6,102,19,音樂人,桃園市,1
CHILLBAKA,14,195,60,音樂人,高雄市,1
konwang3,19,8732,49,認證音樂人,新北市,1
Someshit,3,7320,28,認證音樂人,臺北市,1
hu999123,22,867,24,音樂人,桃園市,1
DayDayDavis,13,263,6,音樂人,臺北市,1
shuya_,3,8469,2,音樂人,新北市,1
DAWAV,29,92,0,音樂人,臺中市,1
findingneo,8,895,6,認證音樂人,臺北市,1
xicotsai,8,270,18,音樂人,臺北市,1
ClickNo15,7,299,0,音樂人,北京,1
superten0910,32,12498,63,音樂人,新北市,1
moriiimusic,10,2263,57,認證音樂人,新北市,1
ted78247820,4,252,26,認證音樂人,南投縣,1
ismtbroadcast,13,138,18,認證音樂人,臺南市,1
nononsensecollective,7,7361,27,音樂人,臺北市,1
NCCU_heyin,7,4855,31,音樂人,臺北市,1
leothreeseven,15,1353,0,音樂人,None,1
funones,10,125,0,音樂人,臺北市,1
blaire_ko,72,368,6,音樂人,臺北市,1
wop81,7,190,10,音樂人,高雄市,1
k87000214,8,377,55,認證音樂人,南投縣,1
bradrlee,13,206,21,認證音樂人,臺北市,1
wayne5095,7,63,0,音樂人,臺北市,1
still_king_q5,2,15,26,音樂人,臺中市,1
Softmiller,6,237,122,音樂人,臺北市,1
Rooftopmob,39,381,8,認證音樂人,新北市,1
dc912001,2,127,10,音樂人,臺北市,1
yufuchenmusic,17,1442,0,音樂人,桃園市,1
DJGround,3,99,17,音樂人,臺北市,1
SouthVibe,8,160,0,音樂人,None,1
ah_shu_shu,1,52,12,音樂人,新北市,1
TNTBoii,4,99,40,音樂人,新北市,1
zcrighthere,29,1192,15,音樂人,上海,1
cosmosjade,11,6165,7,音樂人,臺北市,1
bambii_annz,9,239,5,認證音樂人,臺北市,1
sunriz,1,353,16,音樂人,臺北市,1
babybabycrycry,2,357,19,認證音樂人,臺南市,1
showmain,12,419,7,認證音樂人,新北市,1
lil_giant,4,162,102,音樂人,臺北市,1
lil_karbi,4,2507,40,音樂人,臺北市,1
poe4ever,14,3644,47,音樂人,None,1
harry08jo4pie,6,99,0,音樂人,新竹市,1
5400_54oo,2,721,0,認證音樂人,臺北市,1
ShiShr,18,1550,6,音樂人,臺北市,1
LoadingStory_Official,5,442,6,音樂人,臺北市,1
azDNorth,12,324,3,認證音樂人,新北市,1
Haoceler,1,65,27,音樂人,臺北市,1
nabeyaki_egg_noodles,1,45,0,音樂人,新北市,1
longhumen,1,272,0,音樂人,基隆市,1
chad_0719,8,44,0,音樂人,臺南市,1
yung_chiao,11,162,46,音樂人,臺北市,1
dcdessy,8,371,2,音樂人,香港,1
mxxdlife,17,2878,0,認證音樂人,新北市,1
thenextlty861031,9,101,5,音樂人,新北市,1
6XT7,7,331,0,音樂人,美國,1
Swannnn,2,57,9,音樂人,臺北市,1
gatsbyjayyy,6,83,0,音樂人,臺中市,1
Myloverseyes18,11,4663,0,認證音樂人,臺北市,1
KayC14,4,393,3,認證音樂人,新北市,1
tzuyuan30,7,119,0,認證音樂人,臺南市,1
feiliup,32,154,1,認證音樂人,臺北市,1
s9021720000,1,33,20,音樂人,桃園市,1
Bear_fan,12,224,36,認證音樂人,基隆市,1
eyesggfresh,8,192,18,音樂人,雲林縣,1
Haormusic,93,1035,15,音樂人,None,1
ten_yu,5,84,15,音樂人,臺北市,1
KawaSounds,7,47,0,音樂人,臺北市,1
evil022389,8,34,1,音樂人,新竹縣,1
allinonemusictw,25,195,13,音樂人,臺北市,1
24prbl,18,569,18,認證音樂人,臺東縣,1
TinTenTan,14,17299,12,音樂人,新北市,1
yf____c,3,2560,23,認證音樂人,臺北市,1
gjia4real,13,687,0,認證音樂人,高雄市,1
mixtlabmusic777,1,24,0,音樂人,臺中市,1
zac60422,58,948,80,認證音樂人,新北市,1
3rdAPark,1,108,5,音樂人,桃園市,1
andung1220,17,11415,2,音樂人,臺東縣,1
CalvinBrand,4,70,24,音樂人,新北市,1
gaojiafeng,16,1077,4,音樂人,上海,1
Lewis_chill,1,56,9,音樂人,新竹縣,1
mctoast,3,42,3,音樂人,新北市,1
angry_youth,23,5343,0,音樂人,臺北市,1
hengJoneshunnid,17,495,14,認證音樂人,花蓮縣,1
charlie86847095,5,226,2,認證音樂人,新北市,1
realProfessorH,5,1101,20,音樂人,臺北市,1
sandrali,142,62,2,音樂人,臺北市,2
djmykal,4,210,14,音樂人,臺北市,2
ryota_katayama,13,304,12,音樂人,馬來西亞,2
AOIMUSHIBAND,39,4999,45,認證音樂人,臺北市,2
joeyhuang,12,1672,37,認證音樂人,臺北市,2
finn0829,14,142,45,認證音樂人,臺北市,2
y310,19,9522,0,認證音樂人,臺北市,2
ourshame92,13,7656,38,認證音樂人,臺北市,2
GestaltGirl,31,7700,0,認證音樂人,臺南市,2
andrewhuang,49,55,3,音樂人,臺北市,2
rubyfatale,22,2177,124,音樂人,臺北市,2
hellovivianana,4,13,1,音樂人,臺北市,2
prisminbasin,6,104,0,音樂人,臺北市,2
troy55555,12,93,23,音樂人,None,2
uimusic,36,671,25,認證音樂人,臺北市,2
yes3861900,12,797,0,認證音樂人,桃園市,2
Oberka,22,58,4,音樂人,臺北市,2
Sophysophyw,21,765,14,音樂人,香港,2
vois,2,11,0,音樂人,臺中市,2
piscoband,39,4295,21,認證音樂人,臺北市,2
koliseum,8,50,2,音樂人,臺北市,2
coachingcao,5,45,5,音樂人,臺北市,2
a21043q,29,165,251,認證音樂人,臺北市,2
bedroompartyhk,5,83,0,音樂人,其他,2
b8515057,3,33,0,音樂人,高雄市,2
SYNTHGUMI04,5,257,1,音樂人,高雄市,2
nimoyully,20,347,46,認證音樂人,臺北市,2
CHIUPI,22,2431,0,認證音樂人,臺北市,2
rnbconey,23,214,22,音樂人,None,2
ape101129,14,199,55,認證音樂人,苗栗縣,2
Mr_KIRA,9,47,30,音樂人,臺北市,2
limgiong,57,2188,98,認證音樂人,臺中市,2
zac60422,58,948,80,認證音樂人,新北市,2
ZooeyWonder,21,8184,62,認證音樂人,臺北市,2
J_wang_29,1,24,3,音樂人,桃園市,2
b0002381,6,200,47,認證音樂人,臺北市,2
cosmosjade,11,6170,7,音樂人,臺北市,2
runningyouth,2,253,0,音樂人,新北市,2
PuFFcorn,25,462,5,認證音樂人,新北市,2
showmain,12,419,7,認證音樂人,新北市,2
kokkamango,42,81,36,音樂人,馬來西亞,2
Anak_Borneo,15,56,44,音樂人,馬來西亞,2
madeinbackstation,5,5179,6,認證音樂人,桃園市,2
w2__17,5,193,13,認證音樂人,臺北市,2
sweetjohnband,20,33841,12,認證音樂人,臺北市,2
love78love87,31,365,27,認證音樂人,臺北市,2
ovdstw,33,920,37,認證音樂人,臺北市,2
theloophole2017,10,459,0,音樂人,臺北市,2
llccltheband,15,2920,0,認證音樂人,臺北市,2
SDNBand,13,36,5,音樂人,臺北市,2
owfband,4,67,4,音樂人,臺北市,2
detroitfatkids,23,228,37,認證音樂人,臺中市,2
cream_music,1,1,0,音樂人,臺中市,2
sshg,9,372,3,音樂人,臺北市,2
city_island,22,34,11,音樂人,臺東縣,2
dapunmusic,9,45,1,音樂人,臺北市,2
killerblood,288,1162,49,認證音樂人,新北市,2
qqqqqueen,5,1604,10,音樂人,臺北市,2
mandark,6,3427,25,認證音樂人,臺北市,2
natsuzip,11,78,48,音樂人,臺北市,2
Brary,6,23,0,音樂人,北京,2
bottleberries,13,190,4,認證音樂人,高雄市,2
HuiChuWang,18,2724,72,認證音樂人,臺北市,2
LeeLek,10,167,0,音樂人,新北市,2
UrAyN,3,53,1,音樂人,臺北市,2
tyntbandhk,11,73,6,音樂人,香港,2
Chill_Bros,9,519,3,音樂人,臺北市,2
TheGirlTheRobots,33,2420,18,音樂人,臺北市,2
Lilylu0917,1,11,6,音樂人,臺北市,2
madzine,121,541,36,音樂人,高雄市,2
som4ever,24,7592,19,音樂人,臺南市,2
Darkduckisme,1,15,34,音樂人,臺中市,2
heartboomboomclub,3,70,6,音樂人,北京,2
roctordoctor,1,28,12,音樂人,臺北市,2
nanakao0619,15,1207,16,認證音樂人,高雄市,2
lujiachi,4,51,5,音樂人,臺北市,2
yuhuan1028s,257,322,54,認證音樂人,臺北市,2
n7atsao,10,320,0,音樂人,臺北市,2
xicotsai,8,270,18,音樂人,臺北市,2
GoGoMachineOrchy,13,576,13,音樂人,高雄市,2
Rock4ever,7,557,0,音樂人,臺北市,2
wring_out_laura,40,182,28,認證音樂人,臺北市,2
koala_dada,5,10,39,音樂人,新北市,2
therealneilfletcher,12,309,1,音樂人,臺北市,2
zhcband,29,29858,0,音樂人,臺北市,2
accusefive,16,74320,16,認證音樂人,宜蘭縣,2
junglemico,64,261,1,音樂人,北京,2
dayu0609,3,38,20,音樂人,新竹市,2
peterpanh,32,233,0,音樂人,福建,2
sparkylee,29,167,12,音樂人,歐洲,2
seehan_chen,13,84,10,音樂人,臺北市,2
supertomicsound,24,32,8,音樂人,新北市,2
troychenGT,26,7,7,音樂人,臺北市,2
TransferStudent,11,347,22,認證音樂人,臺北市,2
FloodingBridge,15,5046,4,認證音樂人,高雄市,2
Dizparity,65,1179,9,音樂人,臺北市,2
g5sh,27,5016,1,認證音樂人,臺北市,2
ufa,22,363,0,認證音樂人,臺東縣,2
masonchiangmusic,38,279,34,認證音樂人,臺北市,2
gac900423,1,9,0,音樂人,高雄市,2
wetdreamdontcomeorgo,14,55,30,音樂人,臺北市,2
tuegofunpan,9,386,0,音樂人,新北市,2
insecteens,23,695,9,認證音樂人,臺北市,2
wearenuts20201118,5,360,3,音樂人,新北市,2
Nikar2020,4,11,3,音樂人,花蓮縣,2
bbe,1,24,0,音樂人,臺北市,2
Laitzai1027,2,12,0,音樂人,屏東縣,2
pilot,92,277,96,音樂人,臺北市,2
changriki,22,155,101,認證音樂人,新北市,2
kuroshio2019,9,1035,0,認證音樂人,臺北市,2
Jinboismyname,24,1048,4,認證音樂人,臺北市,2
AmberKuo_AK,4,674,2,音樂人,臺北市,2
7thofapril,2,75,6,音樂人,臺北市,2
yen1982,175,1283,69,認證音樂人,新北市,2
michaellee1995,7,28,8,音樂人,桃園市,2
TaborYang,1,3,6,音樂人,高雄市,2
solomomliu,17,598,1,音樂人,桃園市,2
wenyatsai2001,3,19,14,音樂人,新北市,2
mibsBMty330,5,361,42,音樂人,桃園市,2
chaomiumiu,5,275,1,音樂人,新北市,2
EastWaveBand,21,2682,0,認證音樂人,臺北市,2
lucaslumusic_21,23,658,6,認證音樂人,臺中市,2
Qzzy,4,402,6,認證音樂人,臺北市,2
Iron_Punch_band,16,4541,11,認證音樂人,臺南市,2
MLK1992,17,521,0,音樂人,美國,2
hanahsu,5,59,0,音樂人,None,2
nightkeepers2015,21,15240,10,認證音樂人,臺北市,2
nonconfinedspace,4,172,27,音樂人,臺北市,2
papun_band,19,8165,21,認證音樂人,臺北市,2
mu_nest,62,891,77,認證音樂人,馬來西亞,2
gaoxiaogao,2,52,3,音樂人,臺北市,2
DSPS,20,11812,6,認證音樂人,臺北市,2
s_p_i_c_e,2,416,1,音樂人,北京,2
dizkar,2,361,0,音樂人,雲南,2
L8ching,5,1706,0,認證音樂人,臺北市,2
MrLH_Band,22,47,17,音樂人,臺中市,2
hbdbilly,10,436,0,音樂人,新北市,2
actuallyn,76,221,57,認證音樂人,臺南市,2
WithinTheFlames,11,234,13,認證音樂人,嘉義市,2
stravinskywithglasses,2,151,8,音樂人,臺北市,2
elug0415,3,32,0,音樂人,花蓮縣,2
FTSMUSIC,8,45,0,音樂人,江西,2
sweetsleep,16,427,1,認證音樂人,臺北市,2
burningbeak,11,393,0,認證音樂人,臺中市,2
TheTalker,13,626,4,音樂人,臺北市,2
revaop,1,24,15,音樂人,臺北市,2
Onstudio,41,9336,30,音樂人,臺北市,2
faye_official,24,2370,5,認證音樂人,臺北市,2
lalluvial,30,397,57,音樂人,臺北市,2
obiwan1103,32,4363,0,認證音樂人,桃園市,2
hsiangyukao,19,353,107,認證音樂人,臺北市,2
Treeneighbor,3,21,2,音樂人,臺北市,2
FAMO,1,96,1,音樂人,臺北市,2
mooninahuang,11,337,350,認證音樂人,宜蘭縣,2
Micolna,1,20,1,音樂人,宜蘭縣,2
AlfaGallagher,1,666,3,音樂人,新北市,2
tarzan0207,1,63,4,音樂人,臺北市,2
heartones,113,1106,47,認證音樂人,臺北市,2
kalabebe,4,370,118,認證音樂人,新北市,2
Sonia_Calico,28,719,3,音樂人,臺北市,2
katsujilo,12,732,0,音樂人,None,2
johnnnnnn,22,1782,49,認證音樂人,新北市,2
Jakelin33,4,24,17,音樂人,桃園市,2
hanating_dd,1,75,41,音樂人,基隆市,2
babelrecords,60,633,5,音樂人,北京,2
etmusic,18,161,0,音樂人,臺南市,2
Zowie217,5,149,2,音樂人,臺北市,2
Claydermentis,7,103,3,音樂人,新北市,2
hilloper,4,28,173,音樂人,臺北市,2
konwang3,19,8738,49,認證音樂人,新北市,2
flippedinlove,17,385,0,音樂人,其他,2
wangshun2086,59,992,19,認證音樂人,新北市,2
hsinchen0002,16,47,1,音樂人,臺北市,2
fever86520,4,970,24,認證音樂人,新北市,2
ninjachun,45,152,0,音樂人,其他,2
itisIsey,22,746,14,認證音樂人,臺北市,2
TK_supremacy,5,139,5,認證音樂人,臺南市,2
neonerostw,6,1618,40,認證音樂人,臺北市,2
ella26980403,1,1,0,音樂人,桃園市,2
chickenchicks,12,1488,7,認證音樂人,臺北市,2
jing77697,13,756,81,音樂人,新北市,2
oscar99918,1,4,0,音樂人,高雄市,2
Balious,55,634,41,認證音樂人,屏東縣,2
kingdomofrain,35,1564,3,認證音樂人,臺北市,2
liucanned,104,206,389,認證音樂人,新北市,2
darkparadise,19,580,8,音樂人,新北市,2
dadenglu,43,557,0,音樂人,北京,2
wavesdoppler,28,477,19,音樂人,臺北市,2
chenghantw,12,207,0,認證音樂人,臺北市,2
Bayes,3,27,18,音樂人,臺北市,2
yutinhuang,9,196,23,認證音樂人,臺北市,2
dqdq212,24,2185,23,認證音樂人,桃園市,2
AngelHeartBand,5,118,0,音樂人,高雄市,2
TRIODUST,132,1200,31,音樂人,臺北市,2
styoung,5,55,13,音樂人,臺北市,2
Locu5,7,101,0,音樂人,臺北市,2
RATA,9,40,13,音樂人,花蓮縣,2
crybabymush,3,4,1,音樂人,高雄市,2
junepan,15,3504,0,認證音樂人,臺北市,2
dungisapor,8,41,8,音樂人,花蓮縣,2
dAAAb,1,10,0,音樂人,臺北市,2
dusanaga,35,563,0,音樂人,新北市,2
jillstark,27,215,37,認證音樂人,臺中市,2
vegatablecookies,79,342,57,音樂人,高雄市,2
Frande,18,8867,0,音樂人,None,2
aprilred,20,282,10,音樂人,臺北市,2
itsbobo,1,23,3,音樂人,新北市,2
cheir_yun,8,9,0,音樂人,臺北市,2
Tasty,86,598,6,音樂人,臺中市,2
4instasia,4,217,11,認證音樂人,連江縣,2
floatrist,3,44,6,音樂人,臺北市,2
ytheoryart,12,37,31,音樂人,臺北市,2
yuweiwenband,47,260,6,音樂人,四川,2
trezo2017,5,196,5,音樂人,臺北市,2
banyangang,59,3918,16,音樂人,臺南市,2
AnnieTaco,34,577,24,音樂人,臺中市,2
MongTongBand,39,643,6,認證音樂人,臺北市,2
kai_xuan_159,9,219,0,音樂人,河南,2
AKNIT,17,396,16,音樂人,臺北市,2
KOzZY,6,40,15,音樂人,臺中市,2
BeatmakersTaipei,59,1784,0,認證音樂人,臺北市,2
3r2music,9,357,4,音樂人,臺北市,2
turtleknights,4,1705,5,音樂人,None,2
ulttmu,23,210,10,認證音樂人,臺北市,2
chenx3,16,159,0,音樂人,浙江,2
thewhiteeyes,19,768,39,音樂人,臺北市,2
a2745858,4,204,1,認證音樂人,基隆市,2
gaojiafeng,16,1077,4,音樂人,上海,2
irenexia,34,1470,0,認證音樂人,臺中市,2
Hungyulin,23,2863,11,認證音樂人,新北市,2
OldSlutDistortion,17,8984,16,認證音樂人,臺中市,2
chilladan,31,2866,6,認證音樂人,臺東縣,2
MidisWonderland,24,755,29,認證音樂人,臺北市,2
PhilipYoung,18,1492,1,音樂人,北京,2
softlipa,34,37872,143,音樂人,臺北市,2
doojay98,10,1453,30,音樂人,馬來西亞,2
ruby200457630,8,106,12,認證音樂人,新竹市,2
spaceoddity2021,2,14,2,音樂人,臺北市,2
sleepingbrain,12,1026,31,認證音樂人,臺北市,2
51weeeeeeeeee,44,376,98,認證音樂人,新北市,2
Icyballband,16,4278,0,音樂人,臺北市,2
BURNIE,28,138,8,音樂人,澳門,2
laytonwoohbill,18,4413,18,音樂人,臺北市,2
ISQ4,10,294,0,音樂人,None,3
Five_Flavours_Band,12,84,2,音樂人,浙江,3
Julia_Wu,16,18974,0,音樂人,臺北市,3
Kocheng04,2,74,5,音樂人,高雄市,3
tim99640996,2,78,2,音樂人,臺南市,3
goodhoodbnd,9,927,38,音樂人,臺北市,3
danniyeats,7,1162,3,音樂人,北京,3
thespacecakeband,7,2018,0,音樂人,臺北市,3
Fe_N,1,10,2,音樂人,屏東縣,3
Negusante,2,115,0,音樂人,桃園市,3
goldfishbrain,5,222,1,音樂人,臺北市,3
yentinglo,7,194,1,認證音樂人,歐洲,3
A_SHENG_,2,11,5,音樂人,屏東縣,3
zaq1234_12367,5,137,30,音樂人,高雄市,3
itsyourfault,17,7133,1,認證音樂人,臺北市,3
lightengine,16,1276,6,音樂人,臺北市,3
square_moon_6nf,10,121,1,認證音樂人,澎湖縣,3
doojay98,10,1453,30,音樂人,馬來西亞,3
JEZhang,15,109,1,音樂人,廣東,3
3llerymusic,4,98,0,音樂人,其他,3
LexieLiu,14,8770,0,音樂人,北京,3
han_lin_li,13,144,7,音樂人,臺中市,3
janeeyrerose,11,110,1,音樂人,臺北市,3
vincent515,1,47,49,音樂人,桃園市,3
Ja2onRiv3rs,4,25,3,音樂人,臺中市,3
y310,19,9525,0,認證音樂人,臺北市,3
123lidingding,8,79,1,音樂人,北京,3
StevenYW,27,727,12,認證音樂人,高雄市,3
eric198853,54,3612,12,認證音樂人,臺北市,3
jihumusic,49,615,8,音樂人,四川,3
Fade_to_Blue,6,256,4,音樂人,臺北市,3
anthonywen,28,123,69,認證音樂人,臺北市,3
konwang3,19,8743,49,認證音樂人,新北市,3
sunk1s,1,1118,1,音樂人,臺北市,3
mafana,14,848,7,認證音樂人,臺東縣,3
Xiuyu_studio,3,30,6,音樂人,桃園市,3
albert_cobe,5,108,12,認證音樂人,新北市,3
dena_chang,9,379,1,音樂人,臺北市,3
hu999123,22,867,24,音樂人,桃園市,3
ohmymeiting,27,3144,15,音樂人,新加坡,3
tryangle,4,295,1,音樂人,臺北市,3
willy0430,2,306,7,認證音樂人,新北市,3
YunlinKendricklamar,3,26,5,音樂人,雲林縣,3
Jinboismyname,24,1048,4,認證音樂人,臺北市,3
ArthurShun2018,3,140,2,音樂人,臺北市,3
madeinbackstation,5,5179,6,認證音樂人,桃園市,3
koff,12,60,0,音樂人,臺北市,3
Larksfaith,7,107,0,音樂人,桃園市,3
see_u_hong,9,2973,0,認證音樂人,臺北市,3
nightkeepers2015,21,15241,10,認證音樂人,臺北市,3
Fomchor97,36,45,1,音樂人,上海,3
dachen223,23,5437,17,認證音樂人,屏東縣,3
catsonslide2019,15,395,8,音樂人,新北市,3
ezshen,32,1211,20,認證音樂人,臺北市,3
alanchou12345,8,4540,5,音樂人,新北市,3
chilladan,31,2867,6,認證音樂人,臺東縣,3
David_0912,2,24,37,音樂人,桃園市,3
Onstudio,41,9337,31,音樂人,臺北市,3
Hungyulin,23,2863,11,認證音樂人,新北市,3
mezzo249,1,46,1,音樂人,新北市,3
hanstsai,1,67,9,音樂人,臺北市,3
Fourmula_band,6,347,0,認證音樂人,臺北市,3
lilakin,19,682,0,音樂人,新疆,3
HYX1113,1,258,3,認證音樂人,新北市,3
yuhansu,1,40,0,音樂人,苗栗縣,3
baifiasili,5,153,36,音樂人,基隆市,3
thegirlsony,6,3903,1,音樂人,臺北市,3
Bestards,21,45189,43,認證音樂人,臺北市,3
tang0316,2,678,1,認證音樂人,新北市,3
BLUERINGLAMB,11,22,108,音樂人,新北市,3
thisishuer,7,97,13,音樂人,臺北市,3
xicotsai,8,270,18,音樂人,臺北市,3
blackred,8,22,0,音樂人,福建,3
wayneband2019,5,963,0,音樂人,臺北市,3
ourshame92,13,7656,38,認證音樂人,臺北市,3
TheGirlTheRobots,33,2420,18,音樂人,臺北市,3
Mo1028,10,35,5,音樂人,彰化縣,3
tinsrobinson,2,142,20,音樂人,臺北市,3
eveyichenmusic,16,367,0,認證音樂人,新北市,3
zllly,3,85,1,音樂人,彰化縣,3
becoolman,27,113,9,音樂人,桃園市,3
99Vintage,3,39,2,音樂人,臺北市,3
sexonthebeat_hk,2,26,2,音樂人,香港,3
applecat0228,3,42,0,音樂人,臺北市,3
Channel7band,5,572,12,音樂人,臺北市,3
masterbating6969,10,135,1,音樂人,臺中市,3
bibbyhh,1,76,4,音樂人,臺東縣,3
HsiaoLin,1,125,14,音樂人,新北市,3
wweibird,95,9631,15,音樂人,None,3
itskarencici,2,2239,0,音樂人,美國,3
Syofang,2,61,0,音樂人,None,3
9m88baba,4,19831,17,認證音樂人,基隆市,3
sean842850,6,5082,17,認證音樂人,臺北市,3
pezen,13,243,135,認證音樂人,臺北市,3
haowei_arno,3,354,14,認證音樂人,臺北市,3
lingyuankeng,1,172,0,認證音樂人,臺北市,3
rene_superawesome,2,206,0,音樂人,臺北市,3
zack_lee,2,17,7,音樂人,高雄市,3
lil_du,3,14,34,音樂人,臺北市,3
earthdayoff,8,541,6,音樂人,臺北市,3
8bkuo,1,155,8,音樂人,新北市,3
changriki,22,155,101,認證音樂人,新北市,3
NOband,17,852,15,音樂人,None,3
Leshia0428,18,433,13,認證音樂人,臺北市,3
Ariana1115,1,15,2,音樂人,花蓮縣,3
sweetjohnband,20,33845,12,認證音樂人,臺北市,3
yufuchenmusic,17,1442,0,音樂人,桃園市,3
Niki_notnikii,3,67,4,音樂人,臺北市,3
7uly,5,291,7,音樂人,新竹縣,3
Iron_Punch_band,16,4541,11,認證音樂人,臺南市,3
nakita81814,4,77,9,音樂人,新北市,3
Adam_1213,12,328,29,認證音樂人,新北市,3
zcrighthere,29,1194,15,音樂人,上海,3
thepurevocal66,7,89,5,音樂人,高雄市,3
cosmosjade,11,6177,7,音樂人,臺北市,3
dutchitrap,6,50,0,音樂人,臺北市,3
chenxen,1,30,6,音樂人,桃園市,3
whytetete,7,19650,5,認證音樂人,臺北市,3
wearenuts20201118,5,360,3,音樂人,新北市,3
s28765921,9,594,0,認證音樂人,臺南市,3
lanting,18,1917,0,認證音樂人,臺北市,3
bambii_annz,9,239,5,認證音樂人,臺北市,3
Yoannasun,3,429,0,音樂人,其他,3
laytonwoohbill,18,4413,18,音樂人,臺北市,3
cornyjw,1,6,5,音樂人,臺北市,3
L8ching,5,1708,0,認證音樂人,臺北市,3
piaxstudio,99,7994,7,認證音樂人,臺北市,3
colbieong,7,272,1,音樂人,馬來西亞,3
yingdaguagua,11,310,5,認證音樂人,臺北市,3
LeeSunWang,8,1320,1,音樂人,臺北市,3
AlphaChild1,1,155,0,音樂人,臺北市,3
Xinef_Evans,5,39,5,音樂人,臺南市,3
imtyping_,1,265,7,認證音樂人,臺北市,3
dannyhungssss,4,40,9,音樂人,臺北市,3
PuFFcorn,25,462,5,認證音樂人,新北市,3
ZING_officiall,6,900,2,認證音樂人,臺北市,3
genneo,17,522,1,音樂人,新加坡,3
lekimberleyy,4,834,4,音樂人,臺北市,3
MilkWhite,43,2538,7,音樂人,臺北市,3
harry08jo4pie,6,99,0,音樂人,新竹市,3
danhsueh,8,1027,9,認證音樂人,臺北市,3
greeeeeeen,33,1512,9,認證音樂人,臺北市,3
xiahoxiaho,1,279,12,認證音樂人,臺北市,3
Sophysophyw,21,765,14,音樂人,香港,3
d1205x,23,53,3,音樂人,臺中市,3
tyntseng,7,97,44,音樂人,臺北市,3
LEYUNHSU,1,22,3,音樂人,桃園市,3
franklintelescope,13,118,0,音樂人,香港,3
Soulfomusic,5,25,1,音樂人,臺北市,3
Thehopend,37,7493,2,認證音樂人,屏東縣,3
jien00008,26,2457,25,音樂人,新北市,3
urbancat,9,543,6,音樂人,臺北市,3
addabandtw,5,130,0,認證音樂人,臺北市,3
hsichy,2,282,0,音樂人,臺北市,3
anthony0926handsome,21,4357,3,認證音樂人,臺北市,3
Kminddddd,2,163,4,音樂人,香港,3
blu_colh,3,57,5,音樂人,臺北市,3
MidisWonderland,24,755,29,認證音樂人,臺北市,3
Abus18,9,331,13,認證音樂人,臺北市,3
mu_nest,62,891,77,認證音樂人,馬來西亞,3
michael0228,8,173,11,音樂人,臺中市,3
mxxdlife,17,2880,0,認證音樂人,新北市,3
guanhau,5,115,9,音樂人,新北市,3
ElinLeePN,10,100,0,音樂人,基隆市,3
Sophiehu,4,429,17,音樂人,臺北市,3
redhung_10,10,1335,2,認證音樂人,臺北市,3
darkparadise,19,580,8,音樂人,新北市,3
midnightx2222,6,915,77,認證音樂人,臺北市,3
Chill_Bros,9,519,3,音樂人,臺北市,3
chairchairmusic,30,9797,4,音樂人,臺中市,3
ninalu_1116,9,84,25,音樂人,臺北市,3
ruthmiaoru,8,149,5,音樂人,新加坡,3
Animalpartners,1,24,0,音樂人,其他,3
CuifengWizard54,6,221,28,認證音樂人,基隆市,3
blackie0713,11,651,8,認證音樂人,臺北市,3
zizimusic,2,78,0,音樂人,加拿大,3
tryingtimes,18,268,7,音樂人,新北市,3
bebolee,3,10,0,音樂人,加拿大,3
sugarcatband,5,4779,2,音樂人,新北市,3
gordon4x,15,3715,44,認證音樂人,香港,3
RobotSwing,5,432,1,認證音樂人,臺北市,3
cemelesaistudio,3,376,0,音樂人,臺東縣,3
bobistired,7,2951,44,認證音樂人,臺北市,3
viber2020,5,165,1,認證音樂人,臺北市,3
welchenmusic,46,32,0,音樂人,臺北市,3
Noborusan,17,120,22,音樂人,臺北市,3
_6vincent9_,3,89,0,音樂人,新北市,3
mibsBMty330,5,361,42,音樂人,桃園市,3
cityronin,10,8189,18,認證音樂人,其他,3
Ke2n1,8,27,0,音樂人,香港,3
ovdstw,33,920,37,認證音樂人,臺北市,3
TommyBlue,8,203,3,音樂人,臺北市,3
felixanshen,35,694,1,認證音樂人,臺北市,3
ucmusic,2,35,46,音樂人,基隆市,3
ten_yu,5,84,15,音樂人,臺北市,3
kellyrock3722,5,291,22,音樂人,臺中市,3
blowyourheart,10,755,5,Podcast,基隆市,3
s4203871017,9,669,12,認證音樂人,臺北市,3
finemusic,20,207,60,認證音樂人,美國,3
Haormusic,93,1035,15,音樂人,None,3
kacawswag,1,10,14,音樂人,新北市,3
wayne__dong,3,180,1,認證音樂人,桃園市,3
acidmarie,13,824,0,音樂人,臺北市,3
OSA,4,247,3,音樂人,加拿大,3
nauhuang,6,1109,8,認證音樂人,臺北市,3
haribozs,14,148,0,音樂人,上海,3
jackysu223,22,3823,53,音樂人,桃園市,3
johnnnnnn,22,1782,49,認證音樂人,新北市,3
wavegoat98,10,108,0,音樂人,臺北市,3
hankwuuu,3,234,1,音樂人,臺北市,3
ruby200457630,8,106,12,認證音樂人,新竹市,3
smy714,11,1759,2,認證音樂人,新北市,3
TysonYoshi,2,1317,0,音樂人,香港,3
chickenchicks,12,1488,7,認證音樂人,臺北市,3
mainlive1002,6,465,1,音樂人,新北市,3
yen1982,175,1283,69,認證音樂人,新北市,3
zenbothasizip,13,1142,33,認證音樂人,臺北市,3
OvertoneTW,36,636,280,認證音樂人,臺南市,3
look850802,5,1606,5,音樂人,臺北市,3
zornlu,37,162,15,認證音樂人,新北市,3
cholewis,29,34,1,音樂人,香港,3
fubarsound,5,24142,0,音樂人,臺北市,3
24prbl,18,569,18,認證音樂人,臺東縣,3
Jerry0426,5,34,1,音樂人,基隆市,3
junepan,15,3504,0,認證音樂人,臺北市,3
toufahutong,48,110,8,音樂人,北京,3
EdisonSong,15,2401,2,認證音樂人,臺北市,3
rubyfatale,22,2177,124,音樂人,臺北市,3
groovy__wave,4,60,0,音樂人,香港,3
ckjc15th,1,12,0,音樂人,臺北市,3
butf,4,39,8,音樂人,臺北市,3
BeatmakersTaipei,59,1784,0,認證音樂人,臺北市,3
wendydy95,2,71,9,音樂人,臺北市,3
yf____c,3,2574,23,認證音樂人,臺北市,3
Rock4ever,7,557,0,音樂人,臺北市,3
CathedralSanchez,4,23,0,音樂人,臺中市,3
tammyvoice,26,104,2,音樂人,新北市,3
hitdondon,16,2044,0,認證音樂人,高雄市,3
Dean829,8,912,15,認證音樂人,花蓮縣,3
88risingRecordsLLC,28,8491,0,音樂人,美國,3
JamLi,19,23,1,音樂人,上海,3
lautongut,1,31,2,音樂人,新北市,3
dadenglu,43,557,0,音樂人,北京,3
linion_linion,14,7261,10,認證音樂人,新北市,3
thecrane,7,3605,9,認證音樂人,臺北市,3
qlaryee,2,295,8,音樂人,臺北市,3
tainaner,3,88,0,音樂人,臺北市,3
sasa0720h,11,1630,12,認證音樂人,桃園市,3
Conehead,51,734,157,音樂人,基隆市,3
ET_Tseng,1,17,41,音樂人,臺北市,3
Honwei,1,37,4,音樂人,南投縣,3
anewanew2019,13,172,3,認證音樂人,臺北市,3
Norton_Street,5,406,0,認證音樂人,臺北市,3
tomiichanmusic,26,364,8,音樂人,香港,3
somemusic,4,78,0,音樂人,None,3
adrian90823,3,223,3,認證音樂人,臺北市,3
andung1220,17,11415,2,音樂人,臺東縣,3
hbdbilly,10,436,0,音樂人,新北市,3
spiritlab2020,6,72,18,音樂人,新北市,3
chengbone,6,23,27,音樂人,臺南市,3
thisisSYA,16,476,26,認證音樂人,臺北市,3
sherryccexon,22,316,15,認證音樂人,臺北市,3
aun04178ofe,13,9558,14,音樂人,臺北市,3
Caramelsauce_,2,22,2,音樂人,高雄市,3
ozioffcl,11,17845,2,音樂人,臺北市,3
cbn6rbp,16,96,42,音樂人,桃園市,3
Gweilee,4,275,38,認證音樂人,臺北市,3
jamesli123,1,46,0,音樂人,北京,3
angry_youth,23,5343,0,音樂人,臺北市,3
ChuNoodleChuNoodle,11,723,46,認證音樂人,新北市,3
YaoaY,7,59,0,音樂人,高雄市,3
Kevinchen408,11,117,21,認證音樂人,臺北市,3
JimmyStan,2,62,6,音樂人,桃園市,3
hengJoneshunnid,17,495,14,認證音樂人,花蓮縣,3
Lil_Shuan,9,14,16,音樂人,臺北市,3
Soulgroover,3,731,33,音樂人,None,3
Muniyu,10,141,1,音樂人,新北市,3
jw612,7,46,4,音樂人,臺北市,3
